[
  {
    "city_uri": "http://dbpedia.org/resource/Ondjiva",
    "name": "Ondjiva",
    "country": "Angola",
    "population": 187914
  },
  {
    "city_uri": "http://dbpedia.org/resource/Haedo,_Argentina",
    "name": "Haedo, Argentina",
    "country": "Argentina",
    "population": 38068
  },
  {
    "city_uri": "http://dbpedia.org/resource/Bermejo,_Bolivia",
    "name": "Bermejo, Bolivia",
    "country": "Bolivia",
    "population": 35411
  },
  {
    "city_uri": "http://dbpedia.org/resource/Banfora",
    "name": "Banfora",
    "country": "Burkina Faso",
    "population": 117452
  },
  {
    "city_uri": "http://dbpedia.org/resource/Nacaome",
    "name": "Nacaome",
    "country": "Honduras",
    "population": 63991
  },
  {
    "city_uri": "http://dbpedia.org/resource/Bahadurgarh",
    "name": "Bahadurgarh",
    "country": "India",
    "population": 170767
  },
  {
    "city_uri": "http://dbpedia.org/resource/Bahraich",
    "name": "Bahraich",
    "country": "India",
    "population": 186223
  },
  {
    "city_uri": "http://dbpedia.org/resource/Bakani",
    "name": "Bakani",
    "country": "India",
    "population": 17938
  },
  {
    "city_uri": "http://dbpedia.org/resource/Balaghat",
    "name": "Balaghat",
    "country": "India",
    "population": 84261
  },
  {
    "city_uri": "http://dbpedia.org/resource/Balakrishnampatti",
    "name": "Balakrishnampatti",
    "country": "India",
    "population": 8596
  },
  {
    "city_uri": "http://dbpedia.org/resource/Balasore",
    "name": "Balasore",
    "country": "India",
    "population": 144373
  },
  {
    "city_uri": "http://dbpedia.org/resource/Baldeogarh",
    "name": "Baldeogarh",
    "country": "India",
    "population": 7585
  },
  {
    "city_uri": "http://dbpedia.org/resource/Ballarpur",
    "name": "Ballarpur",
    "country": "India",
    "population": 89452
  },
  {
    "city_uri": "http://dbpedia.org/resource/Ballia",
    "name": "Ballia",
    "country": "India",
    "population": 104424
  },
  {
    "city_uri": "http://dbpedia.org/resource/Balotra",
    "name": "Balotra",
    "country": "India",
    "population": 74496
  },
  {
    "city_uri": "http://dbpedia.org/resource/Balurghat",
    "name": "Balurghat",
    "country": "India",
    "population": 151416
  },
  {
    "city_uri": "http://dbpedia.org/resource/Bamun_Sualkuchi",
    "name": "Bamun Sualkuchi",
    "country": "India",
    "population": 7123
  },
  {
    "city_uri": "http://dbpedia.org/resource/Bangawan",
    "name": "Bangawan",
    "country": "India",
    "population": 20719
  },
  {
    "city_uri": "http://dbpedia.org/resource/Bankner",
    "name": "Bankner",
    "country": "India",
    "population": 21085
  },
  {
    "city_uri": "http://dbpedia.org/resource/Barela",
    "name": "Barela",
    "country": "India",
    "population": 10874
  },
  {
    "city_uri": "http://dbpedia.org/resource/Orai",
    "name": "Orai",
    "country": "India",
    "population": 314000
  },
  {
    "city_uri": "http://dbpedia.org/resource/Pondicherry",
    "name": "Pondicherry",
    "country": "India",
    "population": 244377
  },
  {
    "city_uri": "http://dbpedia.org/resource/Ardestan",
    "name": "Ardestan",
    "country": "Iran",
    "population": 15744
  },
  {
    "city_uri": "http://dbpedia.org/resource/Juraqan",
    "name": "Juraqan",
    "country": "Iran",
    "population": 9234
  },
  {
    "city_uri": "http://dbpedia.org/resource/Montego_Bay",
    "name": "Montego Bay",
    "country": "Jamaica",
    "population": 110115
  },
  {
    "city_uri": "http://dbpedia.org/resource/Asahi,_Chiba",
    "name": "Asahi, Chiba",
    "country": "Japan",
    "population": 64690
  },
  {
    "city_uri": "http://dbpedia.org/resource/Buzen,_Fukuoka",
    "name": "Buzen, Fukuoka",
    "country": "Japan",
    "population": 23844
  },
  {
    "city_uri": "http://dbpedia.org/resource/Chigasaki,_Kanagawa",
    "name": "Chigasaki, Kanagawa",
    "country": "Japan",
    "population": 242798
  },
  {
    "city_uri": "http://dbpedia.org/resource/Fujiidera",
    "name": "Fujiidera",
    "country": "Japan",
    "population": 63446
  },
  {
    "city_uri": "http://dbpedia.org/resource/Hitachi,_Ibaraki",
    "name": "Hitachi, Ibaraki",
    "country": "Japan",
    "population": 165822
  },
  {
    "city_uri": "http://dbpedia.org/resource/Inzai",
    "name": "Inzai",
    "country": "Japan",
    "population": 111266
  },
  {
    "city_uri": "http://dbpedia.org/resource/Kakamigahara",
    "name": "Kakamigahara",
    "country": "Japan",
    "population": 148225
  },
  {
    "city_uri": "http://dbpedia.org/resource/Kashiwazaki,_Niigata",
    "name": "Kashiwazaki, Niigata",
    "country": "Japan",
    "population": 81836
  },
  {
    "city_uri": "http://dbpedia.org/resource/Kimitsu",
    "name": "Kimitsu",
    "country": "Japan",
    "population": 83058
  },
  {
    "city_uri": "http://dbpedia.org/resource/Kiry\u016b,_Gunma",
    "name": "Kiry\u016b, Gunma",
    "country": "Japan",
    "population": 108991
  },
  {
    "city_uri": "http://dbpedia.org/resource/Miyakonoj\u014d",
    "name": "Miyakonoj\u014d",
    "country": "Japan",
    "population": 158235
  },
  {
    "city_uri": "http://dbpedia.org/resource/Naka,_Ibaraki",
    "name": "Naka, Ibaraki",
    "country": "Japan",
    "population": 53137
  },
  {
    "city_uri": "http://dbpedia.org/resource/Nasukarasuyama",
    "name": "Nasukarasuyama",
    "country": "Japan",
    "population": 25783
  },
  {
    "city_uri": "http://dbpedia.org/resource/Nasushiobara",
    "name": "Nasushiobara",
    "country": "Japan",
    "population": 115794
  },
  {
    "city_uri": "http://dbpedia.org/resource/Oga,_Akita",
    "name": "Oga, Akita",
    "country": "Japan",
    "population": 24687
  },
  {
    "city_uri": "http://dbpedia.org/resource/Chimoio",
    "name": "Chimoio",
    "country": "Mozambique",
    "population": 372821
  },
  {
    "city_uri": "http://dbpedia.org/resource/Choszczno",
    "name": "Choszczno",
    "country": "Poland",
    "population": 14831
  },
  {
    "city_uri": "http://dbpedia.org/resource/Janikowo",
    "name": "Janikowo",
    "country": "Poland",
    "population": 9072
  },
  {
    "city_uri": "http://dbpedia.org/resource/Kartuzy",
    "name": "Kartuzy",
    "country": "Poland",
    "population": 15263
  },
  {
    "city_uri": "http://dbpedia.org/resource/K\u0119pno",
    "name": "K\u0119pno",
    "country": "Poland",
    "population": 14419
  },
  {
    "city_uri": "http://dbpedia.org/resource/Mi\u0119dzyrzecz",
    "name": "Mi\u0119dzyrzecz",
    "country": "Poland",
    "population": 17667
  },
  {
    "city_uri": "http://dbpedia.org/resource/My\u015blib\u00f3rz",
    "name": "My\u015blib\u00f3rz",
    "country": "Poland",
    "population": 11867
  },
  {
    "city_uri": "http://dbpedia.org/resource/Oborniki",
    "name": "Oborniki",
    "country": "Poland",
    "population": 17850
  },
  {
    "city_uri": "http://dbpedia.org/resource/St\u0119szew",
    "name": "St\u0119szew",
    "country": "Poland",
    "population": 5941
  },
  {
    "city_uri": "http://dbpedia.org/resource/Kenema",
    "name": "Kenema",
    "country": "Sierra Leone",
    "population": 200354
  }
]